,Title,Price,Rating,Store,Reviews,shipping,Positive Feedback %,Image,Link,Location,Returns
0,"Finding Dory 3 Pc Lip Gloss With Zippered Tin, BubbleGum and Watermelon Flavor",$10.99,,ritztrea_74,90,+$5.97 delivery,95.5,https://i.ebayimg.com/images/g/LEcAAOSwrbNnSpI4/s-l500.webp,https://www.ebay.com/itm/375829113349?_skw=lip_gloss&itmmeta=01KQEGMHT0MJ5A9JD27HVX3J7F&hash=item5781292a05:g:LEcAAOSwrbNnSpI4&itmprp=enc%3AAQALAAAAwGfYFPkwiKCW4ZNSs2u11xBPV6dJAKFxxVKG2HnExvrBPdevsjyDLgsiKIVvsMCbAhY63EYtTWvEq1ARz1YVCQO6NcFrgSbjrMb5tX89dyuoWLtwn9B%2BPN1zgydSMPi4Tz43qb7YTvaCDLXmpC0po17Q79iWqJXlRZHZc0Mob0gEl37PzzYdNq2%2BMl5DGUkmRL1kZCem%2FuicSZL5X1Rd1bjDiA1wnAe8YBEgxid13%2FKdSKhYmWB21P8YAeZBx84lKQ%3D%3D%7Ctkp%3ABlBMUJ6d0tC7Zw,Located in United States,
1,Crabtree & Evelyn Three (3) Lip Gloss Butter Gift Set Box NEW,$29.99,,evelyns*closet,1900,Free delivery,98.9,https://i.ebayimg.com/images/g/pGkAAeSwCFZo29zi/s-l500.webp,https://www.ebay.com/itm/317353130394?_skw=lip_gloss&itmmeta=01KQEGMHT1QBZ6CAKQSKEGFQE5&hash=item49e3b8799a:g:pGkAAeSwCFZo29zi&itmprp=enc%3AAQALAAAAwGfYFPkwiKCW4ZNSs2u11xASpOeNWyGebOIa1YjoE%2BerM3XFrqz1HTemd2eod%2B%2B6Mka6eU1pIl6HWGVYrIt3I2SjnBNHQmhVKClMxLVRdkhNVjPmdxoCTAWMOXscoK0ZxiJulYGxiYiGAkFcPKrhQyuc745mLuvjM4uEEpILKNxAtbuK4uQ%2BMiR7jRlQNltAQjkfZtHd%2FyZn7SZpA6aCBdEfII1s3Cq0gfA0Jbo77qJ9XkofVmDOygtudlCDYqiajQ%3D%3D%7Ctkp%3ABlBMUJ6d0tC7Zw,Located in United States,
2,Uey Beauty Signature Lipgloss,$10.00,,ueybeauty1,0,+$6.58 delivery,0.0,https://i.ebayimg.com/images/g/ONQAAeSwb5xp09Cy/s-l140.webp,https://www.ebay.com/itm/336523756470?_skw=lip_gloss&itmmeta=01KQEGMHT1ZEJHQHBR7AEN1NRS&hash=item4e5a6103b6:g:ONQAAeSwb5xp09Cy&itmprp=enc%3AAQALAAAAwGfYFPkwiKCW4ZNSs2u11xDGeP0M9WeIkj7U7LzS%2Bo%2BsvA4JT%2Byt9G2AIdOeeitDVwqib436WHmaKD%2Bn00jUdBeSlVJ2q%2FUk8KErl11IVX%2BUr%2Bjc94vvi1idb6CEOlIL%2B%2FEm%2BjMlsQRl9ccrKExIEEmMuP3p1moU11cYzl1LoE36vQK%2BZITyClca9TDFSjrl2O%2FbMmY8pm2HH%2BiDSiAly4RdRg7zwSdef2f1G98MDmo7BYQamxrahl61lCkJgg5yOA%3D%3D%7Ctkp%3ABlBMUJ6d0tC7Zw,Located in United States,
3,Rhode Peptide Lip Tint | Hydrating Lip Gloss & Moisturizing Balm – All Shades,$11.89,,abi4_1ncj1co,919,Free delivery,95.7,https://i.ebayimg.com/images/g/~i4AAeSwSltptGs5/s-l140.webp,https://www.ebay.com/itm/317999489235?_skw=lip_gloss&itmmeta=01KQEGMHT11KRW0SX1Y25QVEFQ&hash=item4a0a3f20d3:g:~i4AAeSwSltptGs5&itmprp=enc%3AAQALAAAA8GfYFPkwiKCW4ZNSs2u11xCOj8Z8IM7W7xtgNFp6A2YZzYK%2BwcJbyveGahc0sZ8iMwW0%2B1qBYUp8fqTjavHkBJFL36ICWDu3AyuwLKKmK28d8u6R%2F5ejaqykO5gjbyYRjiE60jpCXrkMu1%2BDXB%2BHVNoLO%2FtkCQB3TtHt6ibLjVfPkHQVMvQl60UtsdOc2GRPL1y2uq95MY5oJChBXmfYpBrEtb8Ufh4dqsKrvG%2Bispci67NTkqrYuMcV7pySxCc%2F0ez9E%2FcImDV2Q%2FW8lZ2KSDEm%2BSX2ZBEYsf6G8G%2FLuRtx8HPk23Kikaa15ybUCD2OKQ%3D%3D%7Ctkp%3ABFBMnp3S0Ltn,Located in United States,Free returns
4,Jeffree Star Cosmetics Supreme Gloss Lip Gloss Blow My Candles Full Pigment,$10.00,,samaalm_9716,13,+$5.97 delivery,100.0,https://i.ebayimg.com/images/g/YPAAAeSwCmBp8vMb/s-l140.webp,https://www.ebay.com/itm/366378501261?_skw=lip_gloss&itmmeta=01KQEGMHT164PG8TSRDA08HPMJ&hash=item554ddc448d:g:YPAAAeSwCmBp8vMb&itmprp=enc%3AAQALAAAA4GfYFPkwiKCW4ZNSs2u11xDODHSL37STFQs337Vflr8fJqH%2FcWSz4Br%2BTUElx13LCHlmjhNbhQOzz2Vnov5XxU5SMtrSvHns908ed0vE5nq4db9Xi%2FiBmZaTjZGqRTQoevfVFjBxIM20FCwVbXHPovFAqLd%2BSn4yVUaHpmwVYS598xjVgbzGfw8uLpkc7rnEOokQjhSPMRr%2FTnfoZWJaUldk23z9HY%2BqooUY%2B8oUxDAzOory5yCkzTlfaClAVeGzH5vZ6dA8d0y3ysWn6iHsYqfKHqDN0LTFiPcTrKd7BT2i%7Ctkp%3ABk9SR56d0tC7Zw,Located in United States,
5,SIYIPING Pink Lip Gloss Liquid Makeup Beauty Decorative Gift Bag Included,$8.00,,ye-312471,0,+$6.24 delivery,0.0,https://i.ebayimg.com/images/g/D5kAAeSwp2Jp8nsL/s-l140.webp,https://www.ebay.com/itm/298274064644?_skw=lip_gloss&itmmeta=01KQEGMHT1DQZK7QRTRGP3H96F&hash=item4572850904:g:D5kAAeSwp2Jp8nsL&itmprp=enc%3AAQALAAAA4GfYFPkwiKCW4ZNSs2u11xCFRIqXQ1wKdJpRa8eZEVRra3IASf4eFzE1gsEryaIM7WCBtQ14CL3iZxvfckmEMaINZjyLc6TF7fE2GdIFOn91drlgvmnQ0YEjm%2BxT6tDpq8SPQwP04BWovFG%2FZICpakGJ6l%2BvB4sjKet2clcfR3Ht27W%2FUXe%2BBVloQ5U7a0BnW9qYtCS1eckrKyQJVHthxMS--iKsRXZBkUmtwq3fue25nzYXxM1Ku%2FcDqvIRuoEBsNZE2%2FrQL1Wxpc7U0LrA611wvkKpl4rR1B9hfPOyGmEg%7Ctkp%3ABk9SR56d0tC7Zw,Located in United States,
6,Jeffree Star Cosmetics Supreme Gloss Lip Gloss Dominatrix Full Pigment 0.25 fl …,$13.56,,samaalm_9716,13,+$5.97 delivery,100.0,https://i.ebayimg.com/images/g/jNAAAeSwH-dp8vI5/s-l140.webp,https://www.ebay.com/itm/366378498319?_skw=lip_gloss&itmmeta=01KQEGMHT1HY77PBTRKHX4F9HK&hash=item554ddc390f:g:jNAAAeSwH-dp8vI5&itmprp=enc%3AAQALAAAA0GfYFPkwiKCW4ZNSs2u11xB%2Bg1UasCoISQRv1UaetFP5k8UVHJBOlG3WAABDFnsNsO0623XihS4q1YBmMCUFnjGWl28q2pMadzxD9QhKyFRObg8qpqGvUwfpOtsvFWyC9VFGp8Rj%2FH6aNnF7s%2F8V1HkrurH11WYCvgtEU2DBWuPquUeo25mmNQLioBwCs6ZGF1LQcFMNjEHeuH%2BQfsIAYnslzlMFejORpNp5Mb2ln%2FsjwDCN1s%2BzyUJ83vhz9V5KI0Nu7s0oJjjRkeqQODiQizo%3D%7Ctkp%3ABk9SR56d0tC7Zw,Located in United States,
7,Rimocoo Pink Red Lip Gloss Liquid Moisturizing Strawberry Flavor Scent Duo,$8.00,,ye-312471,0,+$5.97 delivery,0.0,https://i.ebayimg.com/images/g/nN0AAeSwisJp8n1T/s-l140.webp,https://www.ebay.com/itm/298274077994?_skw=lip_gloss&itmmeta=01KQEGMHT1TKB43Y58QD6ZR7ZJ&hash=item4572853d2a:g:nN0AAeSwisJp8n1T&itmprp=enc%3AAQALAAAA4GfYFPkwiKCW4ZNSs2u11xDsPHmj9r3eVCqtOVEiLGpuLpyyYsPMJwkoEBFcNrC6XjoKHYZmLkbnnfwU6GJmz9VJnPscXIPMwq%2FB9tT6uLMgwUdq03DYRQcRL9sKAdEvTyRJOH0BFxHQuJ7ARmlk0JlgDvBE4uql%2FJmidUbk4jHPAU5QIrZhrZM2CFpv4kpVsOwZkZTRzS8mGvSQhIQynOENRaR8dSQ5o9IThNNKivsXSGcdN4Mi1pDvLURn%2BubTtORjCxGEksu4buhuo2CoBR2gwbsVGznidpw0qr3Di%2FO7%7Ctkp%3ABk9SR56d0tC7Zw,Located in United States,
8,"Summer Fridays Dream Lip Oil in Soft Mauve, 0.15 fl oz",$15.00,,michagumi,0,Free delivery,0.0,https://i.ebayimg.com/images/g/~w4AAeSwamJp8uLc/s-l140.webp,https://www.ebay.com/itm/389955520978?_skw=lip_gloss&itmmeta=01KQEGMHT1FCXSYDSGP2RPKT1Y&hash=item5acb2909d2:g:~w4AAeSwamJp8uLc&itmprp=enc%3AAQALAAAA4GfYFPkwiKCW4ZNSs2u11xBxjWZkLnQ53F3g%2BvKlgASHgwrPIpD79GzrtJM0fFwz2dlP708961LmHuv7F%2Fx7oVzpBdfvp33WmoSLUwKxGCANmvo8E%2BW2QP7Xjsouh8yfsbUbDWdZ3tvE6bdiIOqF5xcF1M7radQcx0Owksfcx80fJ8nRyrBjvqmK5YXrzxEiwLrULT9c0eMxl9mkGmp8p1Q7NIpSZs3JZljvHWRh1m1UgF91qWt75gcpin2urU6cOqlsPBcAgkXPoGFaTyOMVNg7wXYWuKY36%2FgJyKSM96Pt%7Ctkp%3ABk9SR56d0tC7Zw,Located in United States,
9,Ioni Tinted Lip Oil 3pk Variety ~Sweet Honey| Pink Doll| Plumberry~Hydrating NEW,$13.50,,ma_710399,0,+$5.73 delivery,0.0,https://i.ebayimg.com/images/g/wJQAAeSwi0Vp8pBv/s-l140.webp,https://www.ebay.com/itm/287301883871?_skw=lip_gloss&itmmeta=01KQEGMHT1THT4VXM6Y34BG699&hash=item42e486d7df:g:wJQAAeSwi0Vp8pBv&itmprp=enc%3AAQALAAAA4GfYFPkwiKCW4ZNSs2u11xADvAnHFUw%2BsQ0MitqgCOZPjeX97%2B0nw%2FQxJNjSkOA5E81rysvAgl3cPDK380v1gkQ%2FKfEXkBwzKryLRyOLMS8u7%2BhTRT8yTyX%2FOthMAzHQDaQkx8gIEccGXjhJzRPE3LQ%2FFFZB7EWtCn8ihuy0mSPcN3gyjCO%2FUzI9RTcS05fwOmeTu%2BVA5KL0Mmda5SAaB5Wst06LO1aTktMraxA8H9KYPNSg1--sKr4o1hA9FXLfPxezGEgrQeux0UBEE88hT8Vd60hQDSgn8MqNd%2F7Xn4wS%7Ctkp%3ABk9SR56d0tC7Zw,Located in United States,
10,NEW* NARS AFTERGLOW LIP SHINE *285 UNBROKEN* 0.11OZ/3.7ML,$15.00,,northdeals55,0,+$5.17 delivery,0.0,https://i.ebayimg.com/images/g/XOgAAeSwJSpp8qPC/s-l140.webp,https://www.ebay.com/itm/336559834272?_skw=lip_gloss&itmmeta=01KQEGMHT1XVFRMC9ZS6DQR842&hash=item4e5c8784a0:g:XOgAAeSwJSpp8qPC&itmprp=enc%3AAQALAAAA4GfYFPkwiKCW4ZNSs2u11xA65eJwNEOidg926SBcl0W1JrztZG58U5bBXxbPFOQEhwNiMuU0ypsJ3YXCRsbpO7Qn1bSeuXyNXVHeqUfukVctBlHg7t1YK8GYG1YcvOm44G7pX2y8kREKQFOWjVnhHKvely0EuVtcZMoqd7s4my0pa1XuEOOQLgz5edrpckKnrkQgV2wrwRNomttiQ63hpfXIVM1hobCLUAWGLzXfZsvygF4lxBsC1ZKkQe4IHz%2ByForgRnvGPKtFM1sqqmPuGilyj8hs86kI4SV%2FbtLG6cyK%7Ctkp%3ABk9SR56d0tC7Zw,Located in United States,
11,NEW MAC Cosmetics Lipglass Air Non Sticky Lip Gloss *223 SNOBBISH*,$22.95,,northdeals55,0,+$5.17 delivery,0.0,https://i.ebayimg.com/images/g/yl8AAeSwzGVp8qIA/s-l140.webp,https://www.ebay.com/itm/336559823219?_skw=lip_gloss&itmmeta=01KQEGMHT1FXWK22QA8APAVHD1&hash=item4e5c875973:g:yl8AAeSwzGVp8qIA&itmprp=enc%3AAQALAAAA0GfYFPkwiKCW4ZNSs2u11xD3p2lX2mvoY6ZIYVjoGw3DnE4FyRKi3qKzw%2B%2BX8pl0MPZJLQoOroL%2F1OHkVr%2Bx7ZI75pAEVje4vkZbhx1Itg3%2FYBYkVMf8i3uQcCyhLwVZWjNTU%2F1iHSeKe86GzO98BvR4kBsjQzNhqSfzhVUq4MH658kkiCb2xWYPoBgEtcLj8DeLKGtO4WHaPtcbsZ3MeLAhtJrl%2BUG%2BCHZ1XXDwBPDkLl9diB%2FZw8Mw%2FghscVnIIQSH%2B6LO2%2BahCzONK9QO%2B3E%3D%7Ctkp%3ABk9SR56d0tC7Zw,Located in United States,
12,NEW* NIB Dior Addict Lip Maximizer Plumper~ 001 Pink ~ 2ml. MINI/SAMPLE,$15.00,,northdeals55,0,+$5.17 delivery,0.0,https://i.ebayimg.com/images/g/3vsAAeSwi69p8q15/s-l140.webp,https://www.ebay.com/itm/336559881737?_skw=lip_gloss&itmmeta=01KQEGMHT19Z0C052336WE4CFB&hash=item4e5c883e09:g:3vsAAeSwi69p8q15&itmprp=enc%3AAQALAAAA4GfYFPkwiKCW4ZNSs2u11xD19ofANrHtFk5co7kwy4vqxbwitM75Q1%2BMYzZDIIJfHTxDIeH7LWWizoz%2FxBdxScT5WQ1vZEeYDRcxfjWXsmP5A3J3PImzf47sadUoJK4YfI6W7rmBMunj3ZusIK26yciNe%2BWPqOwa1GsRETFBsbpDlfw8hQHWoRIfpvak2MaRfA4mv%2FVP3KUnAD8w%2BBIdXHpCp1baI4Bwwxa1X2k0sdztjBSfqTrdIzUPijreaHAjW4JvI8L%2F2GIWY%2F4eRMka1AAW09eRjPS1o9kYEtFD%2BBdA%7Ctkp%3ABk9SR56d0tC7Zw,Located in United States,
13,Dior Addict Backstage Lip Glow Oil 6ml Full Size - CHOOSE YOUR COLOR - NEW BOXED,,,sgctotalmagic,753,Free delivery,98.8,https://i.ebayimg.com/images/g/6QAAAeSwqxlpXS7R/s-l140.webp,https://www.ebay.com/itm/257350271920?_skw=lip_gloss&itmmeta=01KQEGMHT1BSXMV7F93VPN43EW&hash=item3beb4583b0:g:6QAAAeSwqxlpXS7R&itmprp=enc%3AAQALAAAA4GfYFPkwiKCW4ZNSs2u11xCiqMUYVkmcLt%2F8rxGvG1pz%2FkgvUN%2B%2BRV665U3E2euutA2sIcCOYRlDVu675PmYJzqK0hz8I2N4%2B3TNwA5zW%2FKOssDIv6rzGxj%2B7m%2Br9Q4QxIQD8EYiGSHCy5Fv6XWazJb6tokXb07P0c5FAVdyfB5UlPftmULzpW0dVwZmWfwAriM5KgCxk18H%2FMNP9cuvxBNtP3gW5G5bwFu%2F1ZxUAXlD54AeuxcCYQRGIzTB9y1%2B7ObLoVB3pxpJT6o67EAkr8GSl0Mgn6vBDujBLUK2py8Q%7Ctkp%3ABFBMoJ3S0Ltn,Located in United States,
14,Fenty Beauty Gloss Bomb Lip Gloss Plumper Shine Glitter Liquid Lipstick Makeup,$7.49,,ai547877,44,Free delivery,100.0,https://i.ebayimg.com/images/g/20AAAeSwcN1p0Cwp/s-l140.webp,https://www.ebay.com/itm/236738239029?_skw=lip_gloss&itmmeta=01KQEGMHT118GAZTW4NCFAJZVS&hash=item371eb2da35:g:20AAAeSwcN1p0Cwp&itmprp=enc%3AAQALAAAA4GfYFPkwiKCW4ZNSs2u11xCS5guAOkB3VE2SMwlCjE1W6B7aAK3hyj1gk52Y9%2FgHLfN5UOl3p50rKFzPU9jRm3doXnpoYOgfSwtaJOwYW%2BnZ4D%2BzpKzDOd8qlitD1hkL1cgeucbzNV0fORnWaNW%2FnQmTOxiNNZ1kBFrB8pc4ZsYUzOCMxDfifAguyf7AhVDrBF4nAsvJrlDED%2BVUDSEzhVW%2BZz1klkaLDEGEZLD5x8CpYgRAJPH49rC7G635otVyzpOU6Lub2cTkns0Jyj0jaW54v0JZ5smUOnXZ3ZnvLoqZ%7Ctkp%3ABFBMoJ3S0Ltn,Located in Portugal,
15,Rhode Peptide Lip Tint | Hydrating Lip Gloss & Moisturizing Balm – All Shades,$11.09,,zappyinternational,251,Free delivery,91.7,https://i.ebayimg.com/images/g/39gAAeSwq1ppqWFk/s-l140.webp,https://www.ebay.com/itm/168207408760?_skw=lip_gloss&itmmeta=01KQEGMHT17DS9EZHKSKW8RGMT&hash=item2729f15e78:g:39gAAeSwq1ppqWFk&itmprp=enc%3AAQALAAAA8GfYFPkwiKCW4ZNSs2u11xCXien%2BhCtQz14K6cQy%2BLgWZcjatm%2FS8KWGzVTdiXZtXjJ8dkk5oRJKNFLl7nEj5oR3WhbxU2qUiqc6exu2QnMDAbPJFV9osdU%2B32RRH0mjPSC97eZ%2BZ%2FoPj7ff296eFOs6EzVuV%2Bv1upzVzHOK7K3Czr5uYvm%2B2Jw%2BllwHEgLB6dWphMWUcsLYWdGJlUYpYYQvREpD7%2FrwFdonl2mtlrejZJNR0SQgtXd8%2Fyr4bunfMIgXvahXEJu1DkU4A5FpRH8KBq0GKiW8eSWPNERfbexM1V9JM%2BzliTvbuhVpreWhcg%3D%3D%7Ctkp%3ABFBMoJ3S0Ltn,Located in United States,Free returns
16,"L.A. COLORS Pout Shiny Lipgloss, Sweet CLG650 1 Ounce (Pack of 1),",$4.61,,etlikshop,0,Free delivery,0.0,https://i.ebayimg.com/images/g/LDIAAeSwaERp8pcH/s-l140.webp,https://www.ebay.com/itm/389954586750?_skw=lip_gloss&itmmeta=01KQEGMHT1G3SYZ4X5HA318BB1&hash=item5acb1ac87e:g:LDIAAeSwaERp8pcH&itmprp=enc%3AAQALAAAAwGfYFPkwiKCW4ZNSs2u11xBGuTHSP232Q2Rni3rpdGqYHRNjOXlmSW7rahO0wLq2ak8F8QoOC68Chjzz6xf1bZzTrmdUmQTSzuq1f%2B7hn7MrWZqhjS9BszmxznbItKyzCCOXogWY%2BD0ImCIrrPs1r%2FylP23%2BycVnHRJxy6FkkkkEk%2B6Rg8Cyy97inSl43%2BWOpNF3WzLogl0d0Of9CiKg7JLPqmpIXXOU7mahJDkhfhqBus%2BedIbcXNrIPQm8yYf9wg%3D%3D%7Ctkp%3ABk9SR6Cd0tC7Zw,Located in United States,Free returns
17,Bobbi Brown Lip Gloss High Shine Luxe Liquid Assorted Shades Wild Orchid7,$14.99,,amybeautyshop,0,+$5.97 delivery,0.0,https://i.ebayimg.com/images/g/QUAAAeSwUg1p8pn8/s-l140.webp,https://www.ebay.com/itm/366378204169?_skw=lip_gloss&itmmeta=01KQEGMHT1GP4M05XD4QEVC4D4&hash=item554dd7bc09:g:QUAAAeSwUg1p8pn8&itmprp=enc%3AAQALAAAA8GfYFPkwiKCW4ZNSs2u11xDSLZw2OsOEFM85AKfI8dhecIB0DGSxJetHpWJNX5dTkAA83QP4hHUAlFFViCboiHJC20FE1k%2BKCSIOdaK1vcaMfLCxk7Nc5iEUl5Sut8BHS7V%2BOKt8F9lvQCFSUJxc0tbxdly3Nurh4qgXDW1wwBhUmwy3LLn3lkbhKpursBWy2j8pSPqp8Xm%2BuVpif2q7F5ibym4F6ZwS%2B%2FGFPIluL%2FD5rAJRybLFSO0aVTYkRG4%2BvnPIAp138wtQ6TXix1izN%2F1uYlFl8OTRtLVuXd1U44wiSt3qMeRdj1E8bmR6NFEs2Q%3D%3D%7Ctkp%3ABk9SR6Cd0tC7Zw,Located in United States,
18,Cherimoya Juicy Lip Oil Peach Scented Set of 3 Sweet Melon Peach Me Strawberrie…,$14.99,,33tabs,0,+$5.97 delivery,0.0,https://i.ebayimg.com/images/g/rUoAAeSwWvdp8piw/s-l140.webp,https://www.ebay.com/itm/377151005212?_skw=lip_gloss&itmmeta=01KQEGMHT1TN4CJAZEWG4WXVV0&hash=item57cff3a21c:g:rUoAAeSwWvdp8piw&itmprp=enc%3AAQALAAAA8GfYFPkwiKCW4ZNSs2u11xAgLxViZ6o1ab7L2AaZjRldT4FQDIG8oN12pyzvXaGK%2BYng8mAYfBLBO2rOpw2pcSInnP%2FhO11MxWB%2BFzlpVSnpz1ssmwjO48KKkLSqplLlShp%2FvBjIbR%2Fv1TQPR6zT91zp1lV2VmJqbHjpox%2BcCHlQEEbwGV4UVpeeY1tq6qbZcEG1RgAhY%2BW59XlbZbHrEnJrszvg%2BqDir83QDWkRuQC230NnabsecK4UIiTGyjrlLbvMD61Sy2tkZ9vcRmGXj04cjc9LL4NrJqWPwnXpkMGFYCCCDmGNtz9kbxeBVPvb2A%3D%3D%7Ctkp%3ABk9SR6Cd0tC7Zw,Located in United States,
19,MARY KAY UNLIMITED LIP GLOSS~YOU CHOOSE~FULL SIZE~0.13 FL.~CREAM~SHIMMER~PEARL!,,,pinkchoices,68800,Free delivery in 2-4 days,100.0,https://i.ebayimg.com/images/g/NQAAAOSws19f3NXi/s-l140.webp,https://www.ebay.com/itm/205241381304?_skw=lip_gloss&itmmeta=01KQEGMHT1E8MHC4QNAS1CM4KE&hash=item2fc956f1b8:g:NQAAAOSws19f3NXi&itmprp=enc%3AAQALAAAA4GfYFPkwiKCW4ZNSs2u11xDAZrRk%2FyJdHaCeoHYS939p8IAqhWs0DostlHg9gF6sREX0T1BUUfnsD3f7ajbrbj17J7Mso9XcO4WTIKY0sppmxXkh7Ge0nv9gjsBBjgXwr8%2FIJLyPrK3to5vcG%2BGDeNkhWJmX9EkFDzyw1T5wVImfQXnFqjpDaLk%2BPpht4irhWPfZ7A1XM7kA4zEoy%2Fw%2FXMHk72aEQeHIAxAAuxq7YE3suqpBTmJuplRZiEbXAN7PBKb4aGzHm%2BPQkf9Z77c0fyt49TAsRCnZO0y1uUtHizyH%7Ctkp%3ABk9SR6Cd0tC7Zw,Located in United States,Free returns
20,"VICTORIA'S SECRET FLAVORED LIP GLOSS,TOTAL SHINE ADDICT,GET GLOSSED NEW *CHOOSE*",$10.95,5.0,snoop3106,44800,Free delivery,99.8,https://i.ebayimg.com/images/g/e-8AAeSwV8ppnsYX/s-l140.webp,https://www.ebay.com/itm/303616077898?_skw=lip_gloss&epid=14037195014&itmmeta=01KQEGMHT18HAFFEMD7TFD3J6E&hash=item46b0edb04a:g:e-8AAeSwV8ppnsYX&itmprp=enc%3AAQALAAAA0GfYFPkwiKCW4ZNSs2u11xCNYDXvZqoAuPncT%2F2iLOLrU9xSYLUsyWotYylyRuT%2B09UTu6KoIP0LBOc865ObGTgT6edv5UhsK66kIOoEsAI3yjvBTnUW85ueH%2BU5%2B3COVJOPIOCw0eXmdOSeBZbMgQyk3dttR4Hi5dRGxjTUoagP%2F6MmDYUS51hwEAIQMB6SsUxTaIs2cOufwFGx1I6v9GsjSwnPLoRi48TXboP%2B%2BSNPSCNGMgMWBdxps%2FSBTahaZ5LMuvxXKz1hFOor0FsGVR4%3D%7Ctkp%3ABk9SR6Cd0tC7Zw,Located in United States,Free returns
21,Rhode Peptide Lip Tint | Hydrating Lip Gloss & Moisturizing Balm – All Shades,$9.95,,shahzeb,1000,Free delivery,97.2,https://i.ebayimg.com/images/g/mdYAAeSwzClp3qPt/s-l140.webp,https://www.ebay.com/itm/157833892414?_skw=lip_gloss&itmmeta=01KQEGMHT1YNV8P0DGT96NDBVR&hash=item24bfa2123e:g:mdYAAeSwzClp3qPt&itmprp=enc%3AAQALAAAAwGfYFPkwiKCW4ZNSs2u11xDv4ErEk8foyvpcesj9yzZewAS6u5xoE07S8sdKGODEFxT3XbXwGaCgm8xEwtcLtUs3Egrusj3CyyKzHTHS%2FwkX3UahFr3BVbt4oNU1MNVs2ClEd7QRSDHsKOra9VX9GZ65kArwu%2F7Iuk7XfM6QVdlU4ZxyhwzQbFEMsY8vPIyDrOTv3Frph4D0XTemwTeenUOrxenroTC%2Fua%2FAg27kaB4vRs4dcirO04AZwdsyGPWnAg%3D%3D%7Ctkp%3ABk9SR6Cd0tC7Zw,Located in United States,
22,Lip Smackers Flip Gloss Strawberry Petal Brand New 2026 Shimmer 807,$24.99,,aurorascloset907,3100,+$5.00 delivery,100.0,https://i.ebayimg.com/images/g/SG4AAeSwpZhp7QJJ/s-l140.webp,https://www.ebay.com/itm/178086496237?_skw=lip_gloss&itmmeta=01KQEGMHT19WJ24ZB5ZR7TR3B7&hash=item2976c847ed:g:SG4AAeSwpZhp7QJJ&itmprp=enc%3AAQALAAAA4GfYFPkwiKCW4ZNSs2u11xB0hUkcAWxbwpUch9The413D3hIo6QIBRJgl3BskqaHRs%2FKdc4mjg2ipw6ZLN%2FDRxh7wBht8%2FlkERcQZo27dhr7X%2FJVjVEKvV%2BQGC%2Brd4zLVD2RhV%2Bf3dHe7Ir7cIZ74NLyo48ciUPhkhMKu9W%2BZq%2Fym8mtEvUKfRjsHAN8UtmLJUML4YUU34RluE%2BDVk%2BK%2BCaGRNs%2F%2BkZR0wv%2F3uwawjIEKP1Z6%2BkXuGWPnPECfklBkuFC2MT6wUAZ8q2DkAAKiZEduxwlPcKN0X4shD8CIB5e%7Ctkp%3ABk9SR6Cd0tC7Zw,Located in United States,
23,Mary Kay UNLIMITED LIP GLOSS Cream Pearl Shimmer Full Size YOU CHOOSE,,,foxboy1963,29300,Free delivery,99.9,https://i.ebayimg.com/images/g/Nz0AAOSwT8llT82P/s-l140.webp,https://www.ebay.com/itm/375087868796?_skw=lip_gloss&itmmeta=01KQEGMHT1QADH722RNFZA8QPV&hash=item5754faab7c:g:Nz0AAOSwT8llT82P&itmprp=enc%3AAQALAAAAwGfYFPkwiKCW4ZNSs2u11xDhlMSiVN2xMJ9ug2Lvr9oyxOWFwHahiter4erMv4qUKudPuY8IE1FQQrEl14MdfXeh7lJjnBcI%2F%2B1UKI5eZB9NBZfLtFF492mvM2tKwGptmpW14xJO6jtwUHXKtulaWjySSCFrBYx3S2sJ%2BvW0bsqhxhazMLk1r4jjTT9WuVTQ0F8x07eRThS6QGCEqG6rvR%2FB6%2BAb%2Fkz1QPCL3NShzDFYUDF3986y1BvaQDR4zWSYUg%3D%3D%7Ctkp%3ABk9SR6Cd0tC7Zw,Located in United States,Free returns
24,NYX Butter Lip Gloss You Choose Color,$7.99,5.0,glitzandgoldbyjess,1300,Free delivery,98.9,https://i.ebayimg.com/images/g/7NMAAOSwx8VmJ0A5/s-l140.webp,https://www.ebay.com/itm/126445954531?_skw=lip_gloss&epid=1903395482&itmmeta=01KQEGMHT1NQVP52V3MJJZ8FT2&hash=item1d70c425e3:g:7NMAAOSwx8VmJ0A5&itmprp=enc%3AAQALAAAA4GfYFPkwiKCW4ZNSs2u11xBO9%2FPlbTrMTmDkPFE4iDhm2HEBgo1JuMFQ3El4fPb1UMAOqUBn%2Bpkc6bNwPqvyEorea9t50PRCv6V61o9hC2IQSZ12l%2B0dBRaXc8Kar%2BhUZF9McoNCgi8%2BGXMdgOYexX79nwWFRah8osle7YTSsRDDSgZcuNBye2MxAcKOmRhmBcwMRGnzBnaxr4Rj6ghE2j9CSigQG8qyH7QEmppUFP8m7bglpLEPvW6pi74RLJMcGjXco6%2Fmh0qGUvkAWmBQrB111bghvPCQu2xkdn87KQVJ%7Ctkp%3ABk9SR6Cd0tC7Zw,Located in United States,
25,bareMinerals Mineralist Hydrating Lip Gloss Balm 0.13 Fl Oz - Choose Your Shade,,,dealsallday1-9,5300,Free delivery,99.5,https://i.ebayimg.com/images/g/ExsAAeSwmuFowCUt/s-l140.webp,https://www.ebay.com/itm/406199706319?_skw=lip_gloss&itmmeta=01KQEGMHT100FRTRGD882KWQA2&hash=item5e9363a2cf:g:ExsAAeSwmuFowCUt&itmprp=enc%3AAQALAAAA8GfYFPkwiKCW4ZNSs2u11xBBnTezRvc570IpOyB3PsYr%2BOs%2FoWvot9%2Bz1QyFDOv7NPBhPfg12YQ0wPjfCMjT4H3CJ4wTs4WcIr9LRQ4oUTR9MsriTaeWNrDsc03NUhxESzzgGfdniep4OEfEDFJZ8yjh9b4AtnQTXnP5VFx44zW0O8ELF0ot7kP7ZF%2FPdPiZtZCF03hn6%2BuB1EA7ZUxS3UdNLcVmbpzVQXJ8zi9fRQqz5pEmCCodMe6hTOkYRDJNa%2B921yhDetGwFQSj6SG9ROgJFseG6tl1BeeHVwqydwQe9CNmVI9R2PBNCWD4OOBIeA%3D%3D%7Ctkp%3ABk9SR6Cd0tC7Zw,Located in United States,Free returns
26,Dior Addict Lip Essentials 3pc Set + Gift Box Lip Glow & Maximizer Set NIB New,$44.99,,nationwide_distributors,6800,Free delivery,100.0,https://i.ebayimg.com/images/g/-r4AAeSwwZhp1nxX/s-l140.webp,https://www.ebay.com/itm/358355270823?_skw=lip_gloss&itmmeta=01KQEGMHT2ECV2ZNKZHQQG9XGJ&hash=item536fa37ca7:g:-r4AAeSwwZhp1nxX&itmprp=enc%3AAQALAAAA8GfYFPkwiKCW4ZNSs2u11xB%2Fq995dl5PMGNTcvKsEYKKKlEwwwNx9jaGd2z7Qymt0HQaXzqduao%2Fq%2F2I5S5YZhI1K1NMC7btsN9udoSQUjYZgJRIwLlJ%2BtlvVegNIqFeVEv%2FnK238Kgtqs2kwOtW7s%2FhUr2lewsuzrMrnvJGweaGJNDzNC4eLTXSinhuBDFkZPIM2NoBerWH6WvS8JHfufcaNLEmyBdgIRThf8STwqQ2OKgLTWFkvPRC3OqD9%2B0MwQKjMWQKMncsxfXYHstS5FQ7zvI4iODfx%2Bfr4cu7DYg51wIZwbQrmlyD8MHyTBBoOw%3D%3D%7Ctkp%3ABk9SR6Cd0tC7Zw,Located in United States,Free returns
27,Rhode Peptide Lip Tint | Hydrating Lip Gloss & Moisturizing Balm – All Shades,,,frugaloutdoors,395,Free delivery,96.4,https://i.ebayimg.com/images/g/rqEAAeSwn8tp55Gp/s-l140.webp,https://www.ebay.com/itm/117155261450?_skw=lip_gloss&itmmeta=01KQEGMHT2AJQNHERY2RCFYW6D&hash=item1b46ff6c0a:g:rqEAAeSwn8tp55Gp&itmprp=enc%3AAQALAAAAwGfYFPkwiKCW4ZNSs2u11xBJfQIyAXm5SVOy0RIhlFoBQgwh%2B%2FwmzUl5IefMAYCIh0lUrBpgVDZGspfigxwx4fyLVa7adyF9yo2B5sVIX9Ln01OTS8XHp12jlGKGkih%2Fanx8IXy%2BuZIBCPawPTBR93nvgRw%2ByBbHX34DxilF2h67esRe0jXTzr4xqln668OCFSGq14Ub1H5aEKrwSjU69h2TE%2FTfyBHLaDvXKfqbKeSAv%2By6%2F3USlXJ7sQeScJUqlg%3D%3D%7Ctkp%3ABk9SR6Cd0tC7Zw,Located in United States,
28,BareMinerals Mineralist Hydrating Lip Gloss-Balm - Ingenuity 💋 NEW IN BOX 💋,$12.49,,all4homeusa,24800,Free delivery,99.7,https://i.ebayimg.com/images/g/4i0AAeSw8Udp08IB/s-l140.webp,https://www.ebay.com/itm/226979362382?_skw=lip_gloss&epid=14047059328&itmmeta=01KQEGMHT2NNGYG9Y28P3A8R74&hash=item34d906364e:g:4i0AAeSw8Udp08IB&itmprp=enc%3AAQALAAAA8GfYFPkwiKCW4ZNSs2u11xBHHEA08EMkBjS1YGjpRlFlMtplbDWIlElVkLTPqjWkV9F9vT0nHXOqTWQ7ExC4E2hUrLXkpoGQRtvyZhEML4nrrrmgPQQSPjsmkE8nflklBIx01f0rk5m7CaBpIPD1bDyxW0l6xeN%2F9%2BOQxPcsf7INoxFtJ3sDd%2FbBWQev0hvMtf3Kn2u8v3TzizV%2FYWvaAVPhY7idjy1pRsDOxggH%2FsUhy7SfkdW%2Bl8N%2FxSM0V9ke6TlekJn7i69%2BcC%2B%2BxjvQsp20sV82Gp11l%2FJYPSMdP4o8sujS--u7%2FM%2ByqtK5sLtk4Q%3D%3D%7Ctkp%3ABFBMoJ3S0Ltn,Located in United States,Free returns
29,Clarins Water Lip Stain - 13 NUDE WATER - Full Size - .2 oz / 7 mL - New No Box,$19.00,,michda5219,1100,+$5.62 delivery,99.5,https://i.ebayimg.com/images/g/qMgAAeSwNw1p74dx/s-l140.webp,https://www.ebay.com/itm/366372797238?_skw=lip_gloss&itmmeta=01KQEGMHT2SBMVJ03WX6BZ90AH&hash=item554d853b36:g:qMgAAeSwNw1p74dx&itmprp=enc%3AAQALAAAA4GfYFPkwiKCW4ZNSs2u11xBnFOZjA5l%2BHIlB%2Famfcv8jDbPP6Ryy558yPt10BEj7j5uDCGeGGw28iI42xUBf7sWIJRGy9mqgh8fmkcBZiA8%2BFEXoRz%2BBHse57d5Ba%2FF6i1mfcH%2BXlXw7XDaL3o3TTSb5tj3UNepxTMQvkitsUNG9zYOmzDmnmQ999IFBT%2FS9%2FGX51wy4VC7%2B4tkUs1kKoe%2BVPoOzz4zrK8sOtnp0tGr%2ByUwnizJEmXWtQ%2FOOdPrszbGZUEyjYEUg6Mt948i2Wwn2pchtnFhkVN06mjX%2BBYnE%7Ctkp%3ABFBMoJ3S0Ltn,Located in United States,
30,"Haus Labs Atomic Shake Lip Lacquer, 0.14 FL OZ NEW IN BOX Chose a Shade",,,higherbeautyplus,37000,Free delivery,99.3,https://i.ebayimg.com/images/g/TV0AAeSwDXRpLEyy/s-l140.webp,https://www.ebay.com/itm/267495979321?_skw=lip_gloss&itmmeta=01KQEGMHT27W3NMTDTX1T2DDED&hash=item3e4800b939:g:TV0AAeSwDXRpLEyy&itmprp=enc%3AAQALAAAA4GfYFPkwiKCW4ZNSs2u11xAFQ77%2BcUat9dM9uG3BaAj%2BpOIom2DxWx%2B6F%2BOAUZ9p097R7j0v96KpDE0lgteEBQWyqRHkvAdktAXwPZ%2BrxaJauvZZ3pGqoZFayHSemJv%2F5kY9Nqbqfcpfd0Y35xQLzp17eRQPGvTF%2BQyy%2Fy5RXMecMLeW92FsyapeNgmiufcsPJB1cvWV7FpgupwYsBiUz%2Fm7quv6SsLf1B%2BBY6UW%2B1Geh1WWb551ERbPiYRgSW%2B%2BqdzN6l7yivkFjTpJo41AUkfErXEw7rNERSPn5KLir%2FT1%7Ctkp%3ABFBMoJ3S0Ltn,Located in United States,Free returns
31,Tarte Maracuja Juicy Plumping Lip Oil Gloss 2.7 ML Rose - NEW IN BOX,$12.99,,budgetcomputer2012,3100,Free delivery,100.0,https://i.ebayimg.com/images/g/8S0AAeSwb81pYx5h/s-l140.webp,https://www.ebay.com/itm/205989672045?_skw=lip_gloss&itmmeta=01KQEGMHT2VXFSQ6K28XPQB3DK&hash=item2ff5f0f46d:g:8S0AAeSwb81pYx5h&itmprp=enc%3AAQALAAAA8GfYFPkwiKCW4ZNSs2u11xBxgpxB%2BJ57RQxzNofcML8gZf9Frb1JBxAq6HIbbZBKkfnc8pE6%2B%2Ff%2FZWIikRfvVzwjDNXUMXeH0GpaVTZiUF9LUrBjgjjclZNAC68tM2qjtELgoiQV%2FyZfF%2BCMfSivRNz4yT54nYUByeLbeFdR0TOKHBqcyp9d86LgWj5zESI9jW3HUQMMgpdsUMHqA%2BPk%2F7Hr1oYBGGqFlEoXf4TTZbKQ8hfSHocQtppl86nBP1z0QjRa%2BKGzzupaPjVeNUWhFAnMJSVnqeyiSpVKpE%2Fdl6VxmkGKR4VOQcAuEugUY%2BC2eA%3D%3D%7Ctkp%3ABFBMop3S0Ltn,Located in United States,
32,"""Fenty Beauty Gloss Bomb Lip Gloss – Plumper Shine Glitter Liquid Lipstick Makeu",$7.39,,aussiesellerzzz,4,Free delivery,100.0,https://i.ebayimg.com/images/g/GEoAAeSwHPhp4tC1/s-l140.webp,https://www.ebay.com/itm/366360428276?_skw=lip_gloss&itmmeta=01KQEGMHT2E0ZN52M6FP8QRQ79&hash=item554cc87ef4:g:GEoAAeSwHPhp4tC1&itmprp=enc%3AAQALAAAA4GfYFPkwiKCW4ZNSs2u11xB6ixLuzCvD5oWfYwjkimmf9jVvoWQKbpSszoQV0cxnn5g%2BwEFP9MePA4gem2qTSqZKmXiLaWccBaMKcgW7tai87LdGIvrizKmgW9PBNDBmD79l1NpHp8Eop9xcSDBx7whkib7L0BtXRTarSpZ%2FUyJ8G159p7QHozKwdyrfUjL5fBuyiNGhZaRY7cvwJUnNuaTKZabYo0Nk%2Bjh6%2F3Cyz74i09AlDgp1YhSXAN2eGJjJjYHyoXg0%2BvkSflduVL--x90kCRqtHtQjYYaC8G3tjsS%2B%7Ctkp%3ABk9SR6Kd0tC7Zw,Located in United States,
33,Mac Dazzleglass Lipgloss BUY 1 GET 2ND at 20% OFF 100% Authentic Discontinued!,,,gabysbeauty1,3700,Free delivery,99.2,https://i.ebayimg.com/images/g/kdUAAOSwDFVhp~L7/s-l140.webp,https://www.ebay.com/itm/115110261995?_skw=lip_gloss&itmmeta=01KQEGMHT2DM6MVPXCT9E2SRX3&hash=item1acd1b34eb:g:kdUAAOSwDFVhp~L7&itmprp=enc%3AAQALAAAA0GfYFPkwiKCW4ZNSs2u11xAk4a0mTFvvDEcEC6HdEqPzxAQw1BdzOcUZ6sGLkuWm58kgE5PR9LadcaUOts41yAf1kpN9PoEqHul0oyczUsfvcMpP7wn1NxCl6W7%2B7ZrTGmNn0w4UP6GaWzzF0p%2FC5tDZQIGufCev0f07v0R4xOEmkLcvZrLoFgRLArqAzK%2FyJF0FfdF%2FNx%2F4k%2F0BLRvkw05t%2FS%2BAEcBVmdUT88yAd7FcwW%2F2aurp9pj8dzqcINdHZSWNPLGz5rNIjQu8O10HHjc%3D%7Ctkp%3ABk9SR6Kd0tC7Zw,Located in United States,Free returns
34,Rhode Peptide Lip Tint | Hydrating Lip Gloss & Moisturizing Balm – All Shades,$7.99,,primepickstore1,248,Free delivery,98.4,https://i.ebayimg.com/images/g/Y74AAeSwf8Fp4N-U/s-l140.webp,https://www.ebay.com/itm/206214124047?_skw=lip_gloss&itmmeta=01KQEGMHT27BG79R7Z23GHWE7D&hash=item300351d20f:g:Y74AAeSwf8Fp4N-U&itmprp=enc%3AAQALAAAA4GfYFPkwiKCW4ZNSs2u11xBQEkm82nIiM6RMyqDL8OBLGDBU6zqa2%2Fozv%2FNlvHD0%2B2LTotARFv8HmMB0BmMJPrUNsyRCVT12ZCMjhMH5SVO%2B9EBfVZ0OSsjriYJ0V9hl6L6ZxrmZllfDtvw56SnKjScNcz7dfdTgv55nphfisbWQjojVNuq%2FGVXybLs7aqmeOgnrxBQXSo%2BW2AUqwmGSRjTDHcpAp1Bt4X%2Bzz3gQUKaeFujz%2BfTgYcNgRYfd1BOEM8I2KU5%2FuShyY61wLebQpEovH05Pu0oF%2FOiMqNN6cNlj%7Ctkp%3ABk9SR6Kd0tC7Zw,Located in United States,
35,Dior- Addict Lip Maximizer Lip Plumper Gloss Lipstick 6ml Full Size | USA SELLER,$18.80,,alcn-kk,1200,Free delivery,98.7,https://i.ebayimg.com/images/g/62AAAeSw-Y5pV809/s-l140.webp,https://www.ebay.com/itm/236561001681?_skw=lip_gloss&itmmeta=01KQEGMHT2M03EY5K7D3HM0CB1&hash=item3714226cd1:g:62AAAeSw-Y5pV809&itmprp=enc%3AAQALAAAAwGfYFPkwiKCW4ZNSs2u11xC8N45jWxp3TidcU4Gs8D7DN%2FRLMwimcqquzna1br%2FFuKhGkCqjfoaWwrravWuYG%2FeV0XU7OwKrFwrcZlM1HQUsQG0xL4bLVTYrtyhYuooj3Y9fUqAbMK5V2r%2FpJg7A5bpEcLN0viwJ6bp3YfUkUwjutVy3vOXidRq8Lnh7f8m5oUy4CXxKMRxtC4PJQzClndbX1y%2Bt%2BMObaRoqiWQN53Egt07QWcbUu%2Fgrn0eAgBtKaw%3D%3D%7Ctkp%3ABk9SR6Kd0tC7Zw,Located in United States,
36,Summer Fridays Dream Lip Oil for Moisturizing Sheer Coverage all shades 0.15 oz,$10.99,,aagloballlc,1400,Free delivery,97.6,https://i.ebayimg.com/images/g/BnYAAeSwPLdpap9P/s-l140.webp,https://www.ebay.com/itm/406606092410?_skw=lip_gloss&itmmeta=01KQEGMHT2370QACHYD9FN5YNC&hash=item5eab9c987a:g:BnYAAeSwPLdpap9P&itmprp=enc%3AAQALAAAA8GfYFPkwiKCW4ZNSs2u11xAESuM2BewA%2FguZcmFfmL4WBw8%2FF7Joff5s05nkVQNRUkKfanH02hAaX1CpQwD%2B81DI3E0ogRn3jum2horhkNeZuDv5U7VA1JS1YiqyAk6wN%2FAAA2NtSPxn9s3JgLdjqFomu%2BELxp9bloUyzTkC%2F9tTwhhAL2tBqND%2BgsdwVK6VmuMlQFz%2FBsRhN3xtdfR%2F6UjFpcaFa8ngn%2B7P7F0kNwuaAPkrliIEhLYm7rLO--BBnEah7RNJfTuHXRtsz0Kp%2FkE3Neydo3WyLsUfqSizJW1aQAL4p8JQKo9W62%2BJI6w70w%3D%3D%7Ctkp%3ABk9SR6Kd0tC7Zw,Located in United States,
37,Clinique Chubby Pop Plush Creamy Lip Gloss Black Honey Pop .11 oz New,$11.39,,lobsdiver1,34100,Free delivery,99.9,https://i.ebayimg.com/images/g/T6kAAOSwOM5noTtg/s-l140.webp,https://www.ebay.com/itm/117155269369?_skw=lip_gloss&itmmeta=01KQEGMHT2132NVG298ERD0NSG&hash=item1b46ff8af9:g:T6kAAOSwOM5noTtg&itmprp=enc%3AAQALAAAAwGfYFPkwiKCW4ZNSs2u11xAh6ehgRDM0yI%2FJ8pOCaPRZL%2BCRfZvoD0alcZr%2BsC8tJnHljX75dqYhEEzgh8ThDLOWP%2FpEyURYVLFLVw01dhkp0W2RirGtUXyO7rzq2GRClSAmdqCDSNecsyE62YjA7vVENHQMpwPdfjEsJdbll6PdJjd1D8JTe199uXTN6yzhQFhF6nLzx2IHGk0kO7XcVHXYHQw8U%2BSmIjr4NJW3m6pz88tywVed9CFRsE6NF2GfvA%3D%3D%7Ctkp%3ABk9SR6Kd0tC7Zw,Located in United States,
38,"Maybelline Lifter Gloss 3 Pack - Bubble Gum, Gummy Bear & Taffy - New - Sealed",$18.00,,dorian.877,65,Free delivery,100.0,https://i.ebayimg.com/images/g/b~0AAeSwswdo0BpN/s-l140.webp,https://www.ebay.com/itm/136492661822?_skw=lip_gloss&itmmeta=01KQEGMHT2A9YD7M4SH0FS4N1B&hash=item1fc798bc3e:g:b~0AAeSwswdo0BpN&itmprp=enc%3AAQALAAAA4GfYFPkwiKCW4ZNSs2u11xDu0k5Sb6qEV80SVfXg79Edb%2B9qWHeqSQFikZnaB97NWPIZO3BVuGjsjsdLEsPbl0SF42SC82xDGZj8CdDfTBy9c7SI5HqXcC41sbE%2BjMZG%2B2WYlol2nFkj9SjMl9xmndCv8okceep%2FyRwMeLMSC7D3JHFrI7Ek6jPNEcxB1n9NyTm5vTGXp8e2eDyX%2BNwKr2KZTKq%2Fj4FmXc5t%2BujWucYlgHS961n0ELd9EKkr7lwAoF18WMYPdUbPrSg1AFitG3rb7ENlFcKmK5q965VanLv5%7Ctkp%3ABFBMop3S0Ltn,Located in United States,
39,Stay Glossy Lip Gloss - Non-Sticky and Lightweight Formula for Lip Color and Shi,$10.80,,texanit,1200,Free delivery,98.7,https://i.ebayimg.com/images/g/d~EAAeSw86lp099G/s-l140.webp,https://www.ebay.com/itm/389854728194?_skw=lip_gloss&itmmeta=01KQEGMHT2REN2ZAA5PE9FJKS2&hash=item5ac5271002:g:d~EAAeSw86lp099G&itmprp=enc%3AAQALAAAA4GfYFPkwiKCW4ZNSs2u11xAlulR0rUEPn0mG629zUhH9k7toLRdwKyRwqCM1WT%2FJ8r8eQOKgqeft13tafMT4m6umKZSVS7p5MR%2FwtbmwPxG6UVztXqdOS%2BRsZToGatPrr%2FINF87J0esNLfkmnYT5mfdLtRmvyIyf1cUZ%2FJExhoMdl5FE2sQhLALUziacb5SoMeSxJAkZMLtZsXmHa9ZiMRfX8lvx2nP7aO2%2B%2BXffjmHM3CuYizvfhW11qQ%2BVMBLeT5034vCoTQc5Q96rMAvcXhqi4lbwvzmhR1qOiIkFX2ZZ%7Ctkp%3ABFBMop3S0Ltn,Located in United States,
40,"Authentic lip gloss, plumping, glossy, matte, tinted, glitter, shimmer, $2 Ship!",,,beautyghost44,2300,+$2.00 delivery,99.7,https://i.ebayimg.com/images/g/Ua4AAOSwgb1hZgpi/s-l140.webp,https://www.ebay.com/itm/185103671681?_skw=lip_gloss&itmmeta=01KQEGMHT2CF332XRMP7KDX12Z&hash=item2b1909e181:g:Ua4AAOSwgb1hZgpi&itmprp=enc%3AAQALAAAA4GfYFPkwiKCW4ZNSs2u11xDlAAs2ngyIKaP0zmP3A932MBtVjZUnp8wMePUXzaI%2BdFVRrxc3Tvi5KYvKRdvlHfszs7U%2BmaICEFjyiJHRO%2B7TXfepXpcDMPq0pTwoUZcHdKNsIe0NzgI6KACaFF5B2bUTA7%2B2V9ixic89CAgLBvcbvh7RKPbso%2FdvkYddjyKMpkWQDRUAX28eOeIXczJT1w8pTwUUtalBhU61BkAZ%2BoGDvyBhdaeVsK%2FLhn8UAu2nMi9AIj%2FSxYCXidHcDt7EraruBZpR2cMjaZT%2BXmv3ulQE%7Ctkp%3ABk9SR6Kd0tC7Zw,Located in United States,
41,Lancome JUICY TUBES Lip Gloss 0.33 oz/10 ml You Pick The Shade,,,whatnew33,8600,Free delivery,100.0,https://i.ebayimg.com/images/g/OPIAAOSwtG1gdyQk/s-l140.webp,https://www.ebay.com/itm/265124090843?_skw=lip_gloss&itmmeta=01KQEGMHT26CG2VDAW6JP1TH0R&hash=item3dbaa093db:g:OPIAAOSwtG1gdyQk&itmprp=enc%3AAQALAAAA8GfYFPkwiKCW4ZNSs2u11xD4glYKeB03EZgoWSZZYM1OePuOJWKlj0veFJwvZJaiJ3BhpIHX8QvdJgnv9qCEKFBSfJoDyieHNmnj9%2FJKKYMN0nDW%2FLaOteS1GakmZnCqkwZEkHQWxStuQzV5izHuNJUDTioE%2Bump81Nz8O1%2BY5fg2Wm9J2wcn4edw5pm7j0bRUsUghbZ%2BsvtxZ6f43gfb4HTZfi%2BZnUphYF1t3nV2cEnmoUb2Ns%2FE1hmoAL71gKm%2B8%2B95rZtDN3ZXxGPzslfBGSp73FyebzCG%2BjFcOL98G7Vcr%2FD5exME4aR56TwKSK4IA%3D%3D%7Ctkp%3ABk9SR6Kd0tC7Zw,Located in United States,
42,NYX This Is Milky Gloss Lip Gloss - Choose Shade,,,flamingshop,9000,Free delivery in 2-4 days,99.8,https://i.ebayimg.com/images/g/5lwAAOSwLA9oTeCW/s-l140.webp,https://www.ebay.com/itm/256976096386?_skw=lip_gloss&itmmeta=01KQEGMHT2HW9T7P22WR418421&hash=item3bd4f80c82:g:5lwAAOSwLA9oTeCW&itmprp=enc%3AAQALAAAAwGfYFPkwiKCW4ZNSs2u11xCXAwZXGWVw1bARyhbB4O%2BIXADy3C%2B5tO%2BcyFGJ%2Ff4YVOCdVCLp4O2LUWUgvN5PvVLfk9OIyUN8oapjUZ2Z59QuLrYrsR9%2F2NcjJI5A6l%2FhDClOTvTiNSnyTZDr8qWEzwOYUthPtV271%2BoZA2opod7C%2BcHZYHcVmgiyVKR6q%2FwF8IR3fi5EXanfg5Irqf1B%2BkuzOcFRNHAxIgaoETAis1gS1J%2BAD0jWAl4CyR8WmZ6h9w%3D%3D%7Ctkp%3ABk9SR6Kd0tC7Zw,Located in United States,Free returns
43,NYX Professional Makeup Mega Shine Lip Gloss Choose Color,$11.29,,madison-ave-deals,183100,Free delivery,99.8,https://i.ebayimg.com/images/g/PHEAAOSwc49knIWb/s-l140.webp,https://www.ebay.com/itm/374781491143?_skw=lip_gloss&itmmeta=01KQEGMHT2GDCHE6TQYKEERTX4&hash=item5742b7b7c7:g:PHEAAOSwc49knIWb&itmprp=enc%3AAQALAAAA0GfYFPkwiKCW4ZNSs2u11xBshYQ9vWs7jSsU0iIrm%2Fd5Ycygv%2FGa38wp8qFdd2BofNyS8p%2B3aC3%2B%2FUP5Hf6PdUsWahdw23a5Uo%2FTjfpwSfYEFs%2BsJVEK4%2B6eyuh9HkzLwT3e0s56EVqIv354CfOHoWuljnv2X8biQZMiMUBwPrkpLIXywkXzj6bjZyHj%2B6CaKaNDWslWR0b6bX%2FhHDif0nvvcJ4DPdnVpywZIxltxCyIa62sXxFl7fZCCYa8iyHMoW8HGpFs9T8lBCDeZ0kmg%2F0%3D%7Ctkp%3ABk9SR6Kd0tC7Zw,Located in United States,Free returns
44,Tarte Maracuja Juicy Lip Plumping Gloss and Shimmer Glass - CHOOSE YOUR SHADE,$18.00,,delightful_beauty_cosmetics,44100,Free delivery,99.9,https://i.ebayimg.com/images/g/8N4AAeSw3-dpxBWN/s-l140.webp,https://www.ebay.com/itm/157784604757?_skw=lip_gloss&itmmeta=01KQEGMHT29QK2SGHZZJD1M9HZ&hash=item24bcb20055:g:8N4AAeSw3-dpxBWN&itmprp=enc%3AAQALAAAAwGfYFPkwiKCW4ZNSs2u11xDF6AmWkqZ1aT33xSwJS82WbxKgvrsrxtXl5X16jFmE6%2Fw56cIMVEY4QOhKq2sdAKXVwQleoqZB%2FJdAQOc0BrzifYLuUs6x6IkVWPBRtZ534pg0tvp5bAXO9of0uvpM7vPC31z7uTNjsT13rqJwKp2El39ce6Ts12pLO6vrJoMnkCsyD9F6BHqqIrRehh1moblEnKsKn%2B%2FBOJwGUfkwVJHZsCUwBA4ZNFbphc4GD7TSEQ%3D%3D%7Ctkp%3ABk9SR6Kd0tC7Zw,Located in United States,Free returns
45,"1 NYX Butter Lip Gloss - Cult Favorite ""Pick Your 1 Color"" *Joy's cosmetics*",,,joy017,128900,+$6.40 delivery in 2-4 days,100.0,https://i.ebayimg.com/images/g/HT8AAeSwrHpo-XNh/s-l140.webp,https://www.ebay.com/itm/253826171557?_skw=lip_gloss&epid=21051282035&itmmeta=01KQEGMHT2GCRC9JHD13A4FTDB&hash=item3b193802a5:g:HT8AAeSwrHpo-XNh&itmprp=enc%3AAQALAAAAwGfYFPkwiKCW4ZNSs2u11xApHpX99gwoZOyp0ZhFDQG8t27L5jMRGzUL7SJaUtVvUnMU4NcoYYa5OpBfbDsO3DNREOOTpANWpbFS9EKJg0uwI5%2F5nwuIQkyBiBDTNlFGfeBuEr%2Fmr%2FzTRsESW0ThlxOdHvqw%2B4qvwwnRg5nTh55sf%2B58%2BK%2FQaTmAytIt%2BSE66QBluVVwoGpUI7OkJP68pkrQLlh0obAejyMFg8u9fMK1W8HuVpMzBpPoyA2QGKQECw%3D%3D%7Ctkp%3ABk9SR6Kd0tC7Zw,Located in United States,Free returns
46,💌 LOT of 2/GLOSSY GLOSS LipSense SeneGence NEW/SEALED---BY MORE/SAVE MORE,$39.99,,theorganizedlife,1100,Free delivery in 2-4 days,99.8,https://i.ebayimg.com/images/g/-XwAAOSw2FtkCjxH/s-l140.webp,https://www.ebay.com/itm/396674255486?_skw=lip_gloss&itmmeta=01KQEGMHT24M6FTM5ZRTAAX9NV&hash=item5c5ba0ca7e:g:-XwAAOSw2FtkCjxH&itmprp=enc%3AAQALAAAA8GfYFPkwiKCW4ZNSs2u11xCoKm7YdPEjgKVTdjYPbGB6yHqUA1jhH%2BJNlA76zMcfadXmIsF2Xsnaayu05dDXr63%2BIzOsdzPoHQwCx6L7DE6S4tUH%2BWOqOWsCmGNPglvE7doCImEtvGWWcT8d1M69XUyujgLz9gqedmeKZUjSCd9DL0pLntmqad2dxaNpPcftTzNvGsWlxdOj6DHe1Wv5eV8F%2F0TY4hhCDZNwrWKr9%2BSJhpgxl8H267wjJ254P%2FjjvIm1EBG4%2BV9jz9IDVmc6iSFes31i6cdXEtbPoJMk4TepngxJZUSKMwWFg%2FUgonz18w%3D%3D%7Ctkp%3ABk9SR6Kd0tC7Zw,Located in United States,Free returns
47,"1 NYX Shine Loud High Shine Lip Color Gloss ""Pick Your 1 Color""*Joy's cosmetics*",,,joy017,128900,+$6.40 delivery in 2-4 days,100.0,https://i.ebayimg.com/images/g/TbwAAOSwhaNjeCek/s-l140.webp,https://www.ebay.com/itm/334349931224?_skw=lip_gloss&itmmeta=01KQEGMHT2W6HMKHD76BTJV5GV&hash=item4dd8cf12d8:g:TbwAAOSwhaNjeCek&itmprp=enc%3AAQALAAAA4GfYFPkwiKCW4ZNSs2u11xCF4djJv2t5Nwml7pqE7yLvju7tTHucoqQCv3dMaHwawY4i76NckmqbQ5nFrCVfR9mzqmjHKggM3aCRHHm7a0wWpV%2B8xVWOha6kEBidSxIEnAKg9YG0J21A6Gs%2Bsvgt1mn3lJVfP3LjwUS7IB2x1kUVttg%2BsvDr0RxrUeWrSS3hkR893h%2BVwzTtaG74t4TtVflOXbcXnnbvfr%2FemD9ODqB%2Fdgo5c80Ug2dilfl42l7ccYlkszVFRDJkBH8FNVS84SPhunBEwzxdhgB%2B3SNNFiiM%7Ctkp%3ABk9SR6Sd0tC7Zw,Located in United States,Free returns
48,Hard Candy GLOSSAHOLIC Lip Gloss - U Choose Shade! Sealed!,,5.0,beautymark-belle,28500,Free delivery,100.0,https://i.ebayimg.com/images/g/uEwAAOSwafhbYdS-/s-l140.webp,https://www.ebay.com/itm/113179279498?_skw=lip_gloss&epid=1000124559&itmmeta=01KQEGMHT2KQ4775CVVQ7SB10N&hash=item1a5a02c08a:g:uEwAAOSwafhbYdS-&itmprp=enc%3AAQALAAAAwGfYFPkwiKCW4ZNSs2u11xCChy%2F8itO%2B9WQUtph90a5twc2scRBn99EBEA0MoJf9TeelT2fyGFQ66uxwmKBPK2L7yy7a9D1XqAiCQLFig6QF5Qr4cT3flNsYGOic0Kz03OSeTHaiDcy1IGlQJu8XdUSfXRmSXVEgD%2FTsRv9bK%2BbB3%2FzkQZ8T4QC9F%2FFbrIjn%2Bt3ArDjy9DxFhEOWGxG%2BxIycwnS9FXBrtmoC8eVrKlCKn9V9fXe6kjxe2X%2FQY8FqKA%3D%3D%7Ctkp%3ABk9SR6Sd0tC7Zw,Located in United States,Free returns
49,NYX Shine Loud pigmented Lip Color (0.11oz / 3.4mL) NEW YOU PICK,,,solo-bev,30100,Free delivery,99.3,https://i.ebayimg.com/images/g/eEAAAOSwhUZkwWv2/s-l140.webp,https://www.ebay.com/itm/255794904377?_skw=lip_gloss&itmmeta=01KQEGMHT295G2ZE0F16KJR17Q&hash=item3b8e907d39:g:eEAAAOSwhUZkwWv2&itmprp=enc%3AAQALAAAA4GfYFPkwiKCW4ZNSs2u11xC%2FQKyWefJY0OI%2BZ40zz0pW42SV3nwYgepe%2FJsRKJ%2F7fshyWSM4PpUA6keGavoQ84d%2FHcT6Tw%2Bop3TfNwhCStCLLApR4g43Gh44GkOhqFGVJnLCS32xHzgj4eJe8F82kk5jEIYUUhsNYNwuo1TtrFSzdSv5Ke2i9WqdCcn295Gg%2Fs3YFUc9exOt%2FTB8N%2FQLx6WjwG4QmdhTuClWdv7Hudz8WnzwqQY23c%2FkjYUL70KowfxnDp%2BW9DiLPloYH1KqEpJkPmzLWufHTNHFaHitWmM6%7Ctkp%3ABk9SR6Sd0tC7Zw,Located in United States,Free returns
50,"L'Oreal Paris Infallible Pro Gloss Plump Lip Gloss, 603 Blush Gleam, 3 PACK",$15.99,,steals_deals_us,43500,Free delivery,99.6,https://i.ebayimg.com/images/g/QPgAAeSwcU5oyXuF/s-l140.webp,https://www.ebay.com/itm/376554468859?_skw=lip_gloss&itmmeta=01KQEGMHT2VDJJ9682RCR4HAC7&hash=item57ac6535fb:g:QPgAAeSwcU5oyXuF&itmprp=enc%3AAQALAAAA0GfYFPkwiKCW4ZNSs2u11xA2MwkcymhZbX4BQdUyUJDLHVY8%2Bp7RBoBy5ekoRRCnP03vHcfVXWDYyDyeyISIf3y190Pg175TCOxhscnwiUh5zOrV%2BoFmYjWLiKlih23%2BAp9TgYI%2B5aSkS%2BdB71T175wF0VEjLTUIxXOtsDFvRqb0ss2PU4rTByl18GzUcwZrKkR4xSWnh0l21x7ilgVreoN%2FxG%2BJI1gw5hWw%2FJj9ofZHFd0bHgF792qvc7j%2BLkTtLQJ1EZxmuk0w49XLEJk0nH8%3D%7Ctkp%3ABk9SR6Sd0tC7Zw,Located in United States,
51,Dior Addict Lip Essentials + Gift Box Lip Glow & Maximizer ~3 pce Set 001 Pink💕,$44.88,,lulubeauty,7400,Free delivery in 2-4 days,99.8,https://i.ebayimg.com/images/g/2NcAAeSwknRpbtKj/s-l140.webp,https://www.ebay.com/itm/157355383041?_skw=lip_gloss&itmmeta=01KQEGMHT2Z5D8RAKJR1NFDF5M&hash=item24a31c9901:g:2NcAAeSwknRpbtKj&itmprp=enc%3AAQALAAAA8GfYFPkwiKCW4ZNSs2u11xDTQUoWeJUU1qIgRtISrlxKA4140SfM3dAApWjHcx8Otr4T2D5UYGMCtj7M7QWnTLhP7dk%2FpeyPzdFaq0QEIzgXoCIcnB2dZh84b4ZVsxO4g6aDlIJbNgRX6ttEewB79WBw3uyAL19SqlT384op1vZz6WldsBZjdUeyGsMK%2F9ARz7d8jAAkNk0tX38C0XGAldjmFed8rpNOD6K0cDmPVtMpx9QhS6Y6xAQ27LRyC6KDRRo5B2CwIdqlsCpDSXKZag7kXSe3v89FebWcSqExAkCdClAW7LwD0bexTqBnBP6vNA%3D%3D%7Ctkp%3ABk9SR6Sd0tC7Zw,Located in United States,Free returns
52,Lancome Juicy Tubes Original Ultra Shiny Lip Gloss 15ml ~ 06 Simmer,$19.99,,blueberry713,81900,Free delivery,99.8,https://i.ebayimg.com/images/g/-fMAAeSwEllpyZ3A/s-l140.webp,https://www.ebay.com/itm/147230230045?_skw=lip_gloss&itmmeta=01KQEGMHT286GZCVGCTW286R0W&hash=item22479b061d:g:-fMAAeSwEllpyZ3A&itmprp=enc%3AAQALAAAA0GfYFPkwiKCW4ZNSs2u11xCdpSvyR56Zc5nrfvySDuJgUUHzQig99QGR0MTgKwntdYnpB1v5OtK1MbuWFxYKKGnxaO32%2FvoGWPKgRf2FbCXxkYSi3DLPaIAtpp%2BJ4ZFxEUlqRCmqqxFOLpEfKOQsDLGH%2FISodylNw1k9aqGXivJY%2BAWAzAw8FwNAY0mqDHl62fOt1qAkLZyUb0VsQCybnULFr9HAMoPNNi9VKoMWTyyuFtR%2FP611EkhWpUmlHFuvfMiXDGI1ynjC4HUId6WZ7q4%3D%7Ctkp%3ABk9SR6Sd0tC7Zw,Located in United States,
53,Revlon Super Lustrous The Gloss (0.13 Oz/3.8mL) NEW YOU PICK!,,,solo-bev,30100,Free delivery,99.3,https://i.ebayimg.com/images/g/TZMAAOSwRNdgdxwQ/s-l140.webp,https://www.ebay.com/itm/254941987521?_skw=lip_gloss&itmmeta=01KQEGMHT3T473HJRM79S3M459&hash=item3b5bba02c1:g:TZMAAOSwRNdgdxwQ&itmprp=enc%3AAQALAAAA4GfYFPkwiKCW4ZNSs2u11xBreJPK3ospI8YnMgEdtoWDZWc2c0nKl7UoKNwgCan1%2FB9qO1S2hp%2BvDv3HI40b7FQHP93UClCKs%2BZYXvU%2BR%2FpFSlIihilDDENXuk%2Fdv4YTE03vAN96c7wt%2BZ099xkm6xia0eaQ%2B%2B8A5shRHoJ%2BRjQUGEDUCyBP%2BBW8fTnwVSa4K8GM0gvwbhaC5stA30%2BBF3vN8ffAP9M7SLr49ZYRjOneDIYbqEbbtjdUP%2FizkHn4vY37QU0O49g81Ns5zdMOTub4W0o3sSYTx%2Bx3GrHylRKX%7Ctkp%3ABk9SR6Sd0tC7Zw,Located in United States,Free returns
54,Revlon Super Lustrous Lip Gloss,,,oasis_220,48900,Free delivery,99.8,https://i.ebayimg.com/images/g/5NkAAeSw1PVouc64/s-l140.webp,https://www.ebay.com/itm/127356427276?_skw=lip_gloss&itmmeta=01KQEGMHT3X96RWH4V4H0JZ1QG&hash=item1da708dc0c:g:5NkAAeSw1PVouc64&itmprp=enc%3AAQALAAAA4GfYFPkwiKCW4ZNSs2u11xDXrZAUjnDfkNTVJKIdEfpLLQm4AL1Lnoc63qnwbf%2BWMZqg%2FW1pM8733EHW6yayZqLtbIdQa9XkCjH5QijIWkgLK8Q10MwvX8gFvqPQ8uNii3Xtk0g2l9JB%2FrD19qAxveb69QrHAslwPIKUMk0aLmiTFzGfQs63uH%2FiNG%2BsU6bLI7bxdA3Pa4gmBRo8UuP6%2FHShnQciAt4poLi7%2BvKKnjB%2Bex3bjUTwyJ3zUAQ%2F4sd%2B2DtFRLvSlIPcuVrmicHisXGt2M%2B0kJaImMCjuViMQAb7%7Ctkp%3ABk9SR6Sd0tC7Zw,Located in United States,Free returns
55,doTERRA Tinted Lip Gloss Peppermint Essential Oils 3.5 mL New in Box Sealed,$29.99,,revolutionnutrition,21400,Free delivery,100.0,https://i.ebayimg.com/images/g/FXwAAOSwuZVnesd6/s-l140.webp,https://www.ebay.com/itm/167233931797?_skw=lip_gloss&itmmeta=01KQEGMHT32DQWAZ4A8BMFW5XW&hash=item26efeb4a15:g:FXwAAOSwuZVnesd6&itmprp=enc%3AAQALAAAA0GfYFPkwiKCW4ZNSs2u11xCmfNJQ1JP6pQzuCGXiszUOuCeLPPCQWw0A8LdrhHsf5TmTwejq2hXKdFl3bBhoA8TXYS%2BVGmDNNWtofOJ1vVDWw%2FwiomAaP2GbW6p3JS1V2WfcSKj0DGbAHJ4dk3V0uMZqGO89N41A%2Fuv%2FUOo5THhm0mB66caezzIz56hJRpQbKNwCMzReFDzYOfdQk%2BS%2BeZCh8TEEI2jnRj2VtQ4sAh9y8QpPdScqi4yZDtxIrkA85rIWQRZ9D4MkelV6IQdkX%2FA%3D%7Ctkp%3ABk9SR6Sd0tC7Zw,Located in United States,Free returns
56,Lancome Juicy Tubes Original Ultra Shiny Hydrating Lip Gloss ~ 02 Spring Fling,$12.95,,blueberry713,81900,Free delivery,99.8,https://i.ebayimg.com/images/g/QK8AAeSwH35pigyu/s-l140.webp,https://www.ebay.com/itm/157671047985?_skw=lip_gloss&itmmeta=01KQEGMHT3BR8C9APRSCNQKRJH&hash=item24b5ed4331:g:QK8AAeSwH35pigyu&itmprp=enc%3AAQALAAAA0GfYFPkwiKCW4ZNSs2u11xCLDL87f2CeAYCvHSh5jrVF3QRpEB3KuEuLDjxq46vmQ5RGFflxMLBMHuUIF%2BMdXb5fs3atGFC46aksYITJgtmWRDFrTlyzvblObqVUYcI92fcDgZnOvEM8ssqd1skeCGFu0wALv6kGp1uQ9MnbViGmqae1lQCZVj8lNYi6R%2BDstoZhfUmRSAvb0mQ8kC0Rv8tD%2FYrsaYXxXw2tX4vrDXGahnU2UHzUFCE96qBcrwROk8uoC4D9TEvF2X3uvfG4pSI%3D%7Ctkp%3ABk9SR6Sd0tC7Zw,Located in United States,
57,VeniCare lip stain Lip Gloss 6 Colors Peel Off Tint Waterproof Long Lasting,$9.99,,the_perfect_buy,32299,Free delivery,99.6,https://i.ebayimg.com/images/g/CQAAAOSwePplqa6z/s-l140.webp,https://www.ebay.com/itm/176069059950?_skw=lip_gloss&itmmeta=01KQEGMHT3B2JYHNAYCT3CJCQP&hash=item28fe88a56e:g:CQAAAOSwePplqa6z&itmprp=enc%3AAQALAAAAwGfYFPkwiKCW4ZNSs2u11xA1Bty81Cvzy9k5L21%2Fojhmf9BieEBGFaK2ZlkAqQZ0DKmB7cVwADCgRCib9woCrJIZGSzOEEICdP%2BcgOkGs5I8h4OCX1%2BjIbKCAeW%2B8b4CI5MoipxSwFNPpCrvd3OuD9hzNXe5ZZxXsZdMi20u%2FnuZy37pQUT0UWzXX56XKZWf%2Fr0ffnqSCO8%2BEhvxLxJYtRfhh22pqXppkIKkHhAItf8cySsNgCZKOFLPSXTSSZd2yg%3D%3D%7Ctkp%3ABk9SR6Sd0tC7Zw,Located in United States,
58,Tarte Maracuja Juicy Lip Plumping Oil Petal Lip Makeup,$12.99,,budgetcomputer2012,3100,Free delivery,100.0,https://i.ebayimg.com/images/g/68QAAeSwDu9pRylw/s-l140.webp,https://www.ebay.com/itm/198015547137?_skw=lip_gloss&itmmeta=01KQEGMHT3KRCXZH1XVD5NXGTS&hash=item2e1aa57701:g:68QAAeSwDu9pRylw&itmprp=enc%3AAQALAAAA8GfYFPkwiKCW4ZNSs2u11xD45KeA2sT6mq0Ry0ys6WUOFXRBXpIPlNTdqfTYzHZZVvtEVDIlDkPefsm4TrQdfK481FAbcQN9N6azxQEwXC%2FH%2BnIUD3MdBKvZgjwyDLIi5YYsbUgWRa%2FuNNGcoYrFjbJmBQv7pTgi2pmXB0E33qq7%2BToyuOyoWuQbMNqguy1YofDrthQKiWZqeD6O3vidZEAnNV%2BHasEFT7BhlHJpJsD1CmsIplrb6QREmCLeImDVoDTMglz%2BJ41FTtgAL9vjGhXg5cufb135NJwAQfNzVvdwj8BSzvn9xWtDgbVDuEjysg%3D%3D%7Ctkp%3ABFBMpJ3S0Ltn,Located in United States,
59,Dior Addict Lip Glow Reviving Balm - 001 PINK NIB New,$22.88,,nationwide_distributors,6800,Free delivery,100.0,https://i.ebayimg.com/images/g/2mMAAeSwwRlpsXGj/s-l140.webp,https://www.ebay.com/itm/358313798817?_skw=lip_gloss&itmmeta=01KQEGMHT3DA5STBDPHPJ0NYA4&hash=item536d2aaca1:g:2mMAAeSwwRlpsXGj&itmprp=enc%3AAQALAAAA4GfYFPkwiKCW4ZNSs2u11xAsaowig7HKNK6uLoJRwJBKBMm%2Fsla1SIWPtFZR5gCHFKagAS7KZ9%2FteV%2BDN08oLt%2Fa%2B0V2qwosF0mc5w8mZsGYttc3VhqMQEEyFM6M0E7YXgpM%2BYoK62o6G2h5PvG0CxJHnEip%2B72gW7EtqOCWAy%2BJBEYT58BOfjMOCj5uYf5zM5Wkqpw8V8qAexDeN0zcwiVFwoI86DPzzogrCO8%2BEdcoLZ77%2Fm8kr%2FRniyxW50SEiL3rl2kRuSEMq8AJ99000Czdi66Oxhgi%2FRlNwTsLrKLd%7Ctkp%3ABFBMpJ3S0Ltn,Located in United States,Free returns
